{"team0": {"total_passe": 232, "pourcentage_passe_reussis": 72.41379310344827, "possession": 48.53673435388631, "total_tir": 1, "total_centre": 4}, "team1": {"total_passe": 239, "pourcentage_passe_reussis": 69.8744769874477, "possession": 50.59326583122004, "total_tir": 0, "total_centre": 4}}