{"0": {"max_speed": 49.967895136115146, "max_acceleration": 49.967895136115146, "distance_run": 2787.134597389048, "nb_passe": 41, "pourcentage_passe_reussis": 0.9024390243902439, "nb_tir": 0, "nb_centre": 0, "nb_ballon_touche": 45}, "2": {"max_speed": 0.6443506331959267, "max_acceleration": 0.5637913749818623, "distance_run": 3850.2492090658634, "nb_passe": 24, "pourcentage_passe_reussis": 0.75, "nb_tir": 0, "nb_centre": 0, "nb_ballon_touche": 31}, "4": {"max_speed": 49.847478857078926, "max_acceleration": 49.847478857078926, "distance_run": 4534.182736664702, "nb_passe": 16, "pourcentage_passe_reussis": 0.625, "nb_tir": 0, "nb_centre": 0, "nb_ballon_touche": 26}, "6": {"max_speed": 0.9375420611113979, "max_acceleration": 0.8482820153518292, "distance_run": 4463.3060359166775, "nb_passe": 8, "pourcentage_passe_reussis": 0.5, "nb_tir": 0, "nb_centre": 0, "nb_ballon_touche": 13}, "8": {"max_speed": 0.8205286980622682, "max_acceleration": 0.749432350856991, "distance_run": 3900.5062731021194, "nb_passe": 12, "pourcentage_passe_reussis": 0.6666666666666666, "nb_tir": 0, "nb_centre": 0, "nb_ballon_touche": 17}, "10": {"max_speed": 1.3933104243383805, "max_acceleration": 1.2847869713109357, "distance_run": 4353.9718244279, "nb_passe": 9, "pourcentage_passe_reussis": 0.4444444444444444, "nb_tir": 1, "nb_centre": 0, "nb_ballon_touche": 15}, "12": {"max_speed": 0.7916166859086573, "max_acceleration": 0.7916166859086573, "distance_run": 4429.850201001994, "nb_passe": 23, "pourcentage_passe_reussis": 0.8260869565217391, "nb_tir": 0, "nb_centre": 1, "nb_ballon_touche": 29}, "14": {"max_speed": 0.6960392000634722, "max_acceleration": 0.6168968633150534, "distance_run": 3669.085250571848, "nb_passe": 19, "pourcentage_passe_reussis": 0.6842105263157895, "nb_tir": 0, "nb_centre": 2, "nb_ballon_touche": 34}, "16": {"max_speed": 0.8193314607043947, "max_acceleration": 0.7154795284336191, "distance_run": 4403.425082414396, "nb_passe": 15, "pourcentage_passe_reussis": 0.5333333333333333, "nb_tir": 0, "nb_centre": 0, "nb_ballon_touche": 25}, "18": {"max_speed": 0.7632324121681423, "max_acceleration": 0.6329433266697827, "distance_run": 3670.3643520470187, "nb_passe": 33, "pourcentage_passe_reussis": 0.8181818181818182, "nb_tir": 0, "nb_centre": 0, "nb_ballon_touche": 36}, "20": {"max_speed": 95.72431707103289, "max_acceleration": 95.64480530211783, "distance_run": 4715.560566097435, "nb_passe": 32, "pourcentage_passe_reussis": 0.625, "nb_tir": 0, "nb_centre": 1, "nb_ballon_touche": 49}, "1": {"max_speed": 25.615611082643646, "max_acceleration": 25.615611082643646, "distance_run": 5143.619810132903, "nb_passe": 26, "pourcentage_passe_reussis": 0.8076923076923077, "nb_tir": 0, "nb_centre": 0, "nb_ballon_touche": 33}, "3": {"max_speed": 108.54094810790602, "max_acceleration": 108.54094810790602, "distance_run": 4583.134328565197, "nb_passe": 30, "pourcentage_passe_reussis": 0.6666666666666666, "nb_tir": 0, "nb_centre": 0, "nb_ballon_touche": 36}, "5": {"max_speed": 44.316757727600624, "max_acceleration": 44.316757727600624, "distance_run": 2209.96983645063, "nb_passe": 22, "pourcentage_passe_reussis": 0.7272727272727273, "nb_tir": 0, "nb_centre": 0, "nb_ballon_touche": 34}, "7": {"max_speed": 9.93397577662645, "max_acceleration": 9.93397577662645, "distance_run": 4048.4488833436303, "nb_passe": 28, "pourcentage_passe_reussis": 0.7142857142857143, "nb_tir": 0, "nb_centre": 0, "nb_ballon_touche": 37}, "9": {"max_speed": 19.214579103136167, "max_acceleration": 19.214579103136167, "distance_run": 4284.264482994529, "nb_passe": 25, "pourcentage_passe_reussis": 0.6, "nb_tir": 0, "nb_centre": 0, "nb_ballon_touche": 31}, "11": {"max_speed": 48.213133097349356, "max_acceleration": 48.213133097349356, "distance_run": 4559.2817566783515, "nb_passe": 15, "pourcentage_passe_reussis": 0.4666666666666667, "nb_tir": 0, "nb_centre": 1, "nb_ballon_touche": 18}, "13": {"max_speed": 90.03794164689005, "max_acceleration": 90.03794164689005, "distance_run": 4367.245019500443, "nb_passe": 26, "pourcentage_passe_reussis": 0.6153846153846154, "nb_tir": 0, "nb_centre": 1, "nb_ballon_touche": 33}, "15": {"max_speed": 24.088871121163404, "max_acceleration": 24.052688029407722, "distance_run": 4491.189248176029, "nb_passe": 16, "pourcentage_passe_reussis": 0.625, "nb_tir": 0, "nb_centre": 0, "nb_ballon_touche": 26}, "17": {"max_speed": 24.626252128772858, "max_acceleration": 24.626252128772858, "distance_run": 4270.330249919061, "nb_passe": 4, "pourcentage_passe_reussis": 0.75, "nb_tir": 0, "nb_centre": 1, "nb_ballon_touche": 8}, "19": {"max_speed": 17.039300890326018, "max_acceleration": 17.039300890326018, "distance_run": 4667.346786366297, "nb_passe": 18, "pourcentage_passe_reussis": 0.8888888888888888, "nb_tir": 0, "nb_centre": 2, "nb_ballon_touche": 29}, "21": {"max_speed": 74.40036299601704, "max_acceleration": 74.40036299601704, "distance_run": 4094.1558453639777, "nb_passe": 29, "pourcentage_passe_reussis": 0.7931034482758621, "nb_tir": 0, "nb_centre": 0, "nb_ballon_touche": 39}}